classification,typeGroup,subType,name,selectionLabel,sourceRow,type,workType,contractId,accessLevel,category,department,vendor,group,fixedSla,slaVersion,remark,active
Day-to-day Work / งานดำเนินงานทั่วไป,Service Agreement / สัญญาให้บริการ,,Reservation System Service Agreement | สัญญาเช่าใช้ระบบสำรองที่นั่ง,Reservation System Service Agreement | สัญญาเช่าใช้ระบบสำรองที่นั่ง,1,Service Agreement / สัญญาให้บริการ,Service Agreement / สัญญาให้บริการ,,Normal,Day-to-day Work / งานดำเนินงานทั่วไป,IT,WEELOY PTE. LTD.,Service Agreement / สัญญาให้บริการ,22,2026-08-05-sla-config-updated1-v1,—,Yes
Day-to-day Work / งานดำเนินงานทั่วไป,Commercial Agreement / สัญญาทางธุรกิจ,Consultancy Agreement / สัญญาให้คำปรึกษา,Architectural and Interior Design Agreement | สัญญาจ้างออกแบบงานสถาปัตยกรรมและตกแต่งภายใน,Architectural and Interior Design Agreement | สัญญาจ้างออกแบบงานสถาปัตยกรรมและตกแต่งภายใน,2,Consultancy Agreement / สัญญาให้คำปรึกษา,Consultancy Agreement / สัญญาให้คำปรึกษา,,Normal,Day-to-day Work / งานดำเนินงานทั่วไป,Project Manager,บริษัท เทอร์เทิล ทเว้นตี้ทรี สาขา 0003 – บริษัท เทสต์สเปซ จำกัด,Commercial Agreement / สัญญาทางธุรกิจ,24,2026-08-05-sla-config-updated1-v1,—,Yes
Day-to-day Work / งานดำเนินงานทั่วไป,Commercial Agreement / สัญญาทางธุรกิจ,Consultancy Agreement / สัญญาให้คำปรึกษา,Kitchen System Design Agreement | สัญญาจ้างออกแบบระบบครัว,Kitchen System Design Agreement | สัญญาจ้างออกแบบระบบครัว,3,Consultancy Agreement / สัญญาให้คำปรึกษา,Consultancy Agreement / สัญญาให้คำปรึกษา,,Normal,Day-to-day Work / งานดำเนินงานทั่วไป,Project Manager,บริษัท เทอร์เทิล ทเว้นตี้ทรี สาขา 0003 – บริษัท ทรัย-อาร์ค เอ็นเตอร์ไพรส์ จำกัด,Commercial Agreement / สัญญาทางธุรกิจ,24,2026-08-05-sla-config-updated1-v1,—,Yes
Day-to-day Work / งานดำเนินงานทั่วไป,Commercial Agreement / สัญญาทางธุรกิจ,Consultancy Agreement / สัญญาให้คำปรึกษา,Structural Design Agreement | สัญญาจ้างออกแบบงานโครงสร้างอาคาร,Structural Design Agreement | สัญญาจ้างออกแบบงานโครงสร้างอาคาร,4,Consultancy Agreement / สัญญาให้คำปรึกษา,Consultancy Agreement / สัญญาให้คำปรึกษา,,Normal,Day-to-day Work / งานดำเนินงานทั่วไป,Project Manager,บริษัท เทอร์เทิล ทเว้นตี้ทรี สาขา 0003 – บริษัท อีทีวายเอส แอนด์ แอสโซซิเอทส์ จำกัด,Commercial Agreement / สัญญาทางธุรกิจ,24,2026-08-05-sla-config-updated1-v1,—,Yes
Day-to-day Work / งานดำเนินงานทั่วไป,Commercial Agreement / สัญญาทางธุรกิจ,Consultancy Agreement / สัญญาให้คำปรึกษา,"Electrical, Sanitary, Air-Conditioning and External Systems Design Agreement | สัญญาจ้างออกแบบงานระบบไฟฟ้า สุขาภิบาล ปรับอากาศ และระบบภายนอกอาคาร","Electrical, Sanitary, Air-Conditioning and External Systems Design Agreement | สัญญาจ้างออกแบบงานระบบไฟฟ้า สุขาภิบาล ปรับอากาศ และระบบภายนอกอาคาร",5,Consultancy Agreement / สัญญาให้คำปรึกษา,Consultancy Agreement / สัญญาให้คำปรึกษา,,Normal,Day-to-day Work / งานดำเนินงานทั่วไป,Project Manager,บริษัท เทอร์เทิล ทเว้นตี้ทรี สาขา 0003 – บริษัท มิตรเทคนิคัลคอนซัลแท้นท์ จำกัด,Commercial Agreement / สัญญาทางธุรกิจ,24,2026-08-05-sla-config-updated1-v1,แก้คำจาก “สุภาภิบาล”,Yes
Day-to-day Work / งานดำเนินงานทั่วไป,Commercial Agreement / สัญญาทางธุรกิจ,Consultancy Agreement / สัญญาให้คำปรึกษา,Architectural Drafting Agreement | สัญญาจ้างเขียนแบบสถาปัตยกรรม,Architectural Drafting Agreement | สัญญาจ้างเขียนแบบสถาปัตยกรรม,6,Consultancy Agreement / สัญญาให้คำปรึกษา,Consultancy Agreement / สัญญาให้คำปรึกษา,,Normal,Day-to-day Work / งานดำเนินงานทั่วไป,Project Manager,บริษัท เทอร์เทิล ทเว้นตี้ทรี สาขา 0003 – บริษัท ไพศาลวัฒนา การ์ดอลินสกี้ สถาปนิก จำกัด,Commercial Agreement / สัญญาทางธุรกิจ,24,2026-08-05-sla-config-updated1-v1,—,Yes
Day-to-day Work / งานดำเนินงานทั่วไป,Commercial Agreement / สัญญาทางธุรกิจ,Consultancy Agreement / สัญญาให้คำปรึกษา,Quantity Surveying and Construction Cost Estimation Agreement | สัญญาจ้างสำรวจปริมาณงานและประมาณราคาก่อสร้าง,Quantity Surveying and Construction Cost Estimation Agreement | สัญญาจ้างสำรวจปริมาณงานและประมาณราคาก่อสร้าง,7,Consultancy Agreement / สัญญาให้คำปรึกษา,Consultancy Agreement / สัญญาให้คำปรึกษา,,Normal,Day-to-day Work / งานดำเนินงานทั่วไป,Project Manager,บริษัท เทอร์เทิล ทเว้นตี้ทรี สาขา 0003 – บริษัท อัลทัส กรุ๊ป เซอร์วิสเซส (ประเทศไทย) จำกัด,Commercial Agreement / สัญญาทางธุรกิจ,24,2026-08-05-sla-config-updated1-v1,—,Yes
Day-to-day Work / งานดำเนินงานทั่วไป,Commercial Agreement / สัญญาทางธุรกิจ,Consultancy Agreement / สัญญาให้คำปรึกษา,Lighting Design and Consultancy Agreement | สัญญาจ้างออกแบบระบบแสงสว่างและให้คำปรึกษา,Lighting Design and Consultancy Agreement | สัญญาจ้างออกแบบระบบแสงสว่างและให้คำปรึกษา,8,Consultancy Agreement / สัญญาให้คำปรึกษา,Consultancy Agreement / สัญญาให้คำปรึกษา,,Normal,Day-to-day Work / งานดำเนินงานทั่วไป,Project Manager,บริษัท เทอร์เทิล ทเว้นตี้ทรี สาขา 0003 – บริษัท โบ สไตเบอร์ ไลท์ติ้ง ดีไซน์ (ประเทศไทย) จำกัด,Commercial Agreement / สัญญาทางธุรกิจ,24,2026-08-05-sla-config-updated1-v1,—,Yes
Day-to-day Work / งานดำเนินงานทั่วไป,Commercial Agreement / สัญญาทางธุรกิจ,Consultancy Agreement / สัญญาให้คำปรึกษา,Interior Design Agreement | สัญญาจ้างออกแบบตกแต่งภายใน,Interior Design Agreement | สัญญาจ้างออกแบบตกแต่งภายใน,9,Consultancy Agreement / สัญญาให้คำปรึกษา,Consultancy Agreement / สัญญาให้คำปรึกษา,,Normal,Day-to-day Work / งานดำเนินงานทั่วไป,Business Development,PAC Architect,Commercial Agreement / สัญญาทางธุรกิจ,24,2026-08-05-sla-config-updated1-v1,เดิม: Interior,Yes
Day-to-day Work / งานดำเนินงานทั่วไป,Outsourcing Agreement / สัญญาจ้าง,,Construction Contractor Agreement | สัญญาจ้างผู้รับเหมาก่อสร้าง,Construction Contractor Agreement | สัญญาจ้างผู้รับเหมาก่อสร้าง,10,Outsourcing Agreement / สัญญาจ้าง,Outsourcing Agreement / สัญญาจ้าง,,Normal,Day-to-day Work / งานดำเนินงานทั่วไป,Business Development,PAC Architect,Outsourcing Agreement / สัญญาจ้าง,24,2026-08-05-sla-config-updated1-v1,เดิม: Contractor,Yes
Day-to-day Work / งานดำเนินงานทั่วไป,Lease & Rental Agreement / สัญญาเช่าและให้เช่า,Rental Agreement / สัญญาเช่าทั่วไป,Lease and Service Agreement – LahnYai NUSARA (Baan Turtle) | สัญญาเช่าและบริการ – LahnYai NUSARA (Baan Turtle),Lease and Service Agreement – LahnYai NUSARA (Baan Turtle) | สัญญาเช่าและบริการ – LahnYai NUSARA (Baan Turtle),11,Rental Agreement / สัญญาเช่าทั่วไป,Rental Agreement / สัญญาเช่าทั่วไป,,Normal,Day-to-day Work / งานดำเนินงานทั่วไป,Operation,BLY and FSQ,Lease & Rental Agreement / สัญญาเช่าและให้เช่า,22,2026-08-05-sla-config-updated1-v1,—,Yes
Day-to-day Work / งานดำเนินงานทั่วไป,Lease & Rental Agreement / สัญญาเช่าและให้เช่า,Rental Agreement / สัญญาเช่าทั่วไป,Lease and Service Agreement – Man Tables (Baan Turtle) | สัญญาเช่าและบริการ – Man Tables (Baan Turtle),Lease and Service Agreement – Man Tables (Baan Turtle) | สัญญาเช่าและบริการ – Man Tables (Baan Turtle),12,Rental Agreement / สัญญาเช่าทั่วไป,Rental Agreement / สัญญาเช่าทั่วไป,,Normal,Day-to-day Work / งานดำเนินงานทั่วไป,Operation,Win Win Kitchen and FSQ,Lease & Rental Agreement / สัญญาเช่าและให้เช่า,22,2026-08-05-sla-config-updated1-v1,—,Yes
Day-to-day Work / งานดำเนินงานทั่วไป,Lease & Rental Agreement / สัญญาเช่าและให้เช่า,Rental Agreement / สัญญาเช่าทั่วไป,Lease and Service Agreement – BK Salon | สัญญาเช่าและบริการ – BK Salon,Lease and Service Agreement – BK Salon | สัญญาเช่าและบริการ – BK Salon,13,Rental Agreement / สัญญาเช่าทั่วไป,Rental Agreement / สัญญาเช่าทั่วไป,,Normal,Day-to-day Work / งานดำเนินงานทั่วไป,Operation,BLY and FSQ,Lease & Rental Agreement / สัญญาเช่าและให้เช่า,22,2026-08-05-sla-config-updated1-v1,—,Yes
Day-to-day Work / งานดำเนินงานทั่วไป,Lease & Rental Agreement / สัญญาเช่าและให้เช่า,Rental Agreement / สัญญาเช่าทั่วไป,Lease and Service Agreement – Gowin | สัญญาเช่าและบริการ – Gowin,Lease and Service Agreement – Gowin | สัญญาเช่าและบริการ – Gowin — BLY and FSQ — SLA 22,14,Rental Agreement / สัญญาเช่าทั่วไป,Rental Agreement / สัญญาเช่าทั่วไป,,Normal,Day-to-day Work / งานดำเนินงานทั่วไป,Operation,BLY and FSQ,Lease & Rental Agreement / สัญญาเช่าและให้เช่า,22,2026-08-05-sla-config-updated1-v1,แยกจากรายการชื่อเดียวกัน (1/2),Yes
Day-to-day Work / งานดำเนินงานทั่วไป,Lease & Rental Agreement / สัญญาเช่าและให้เช่า,Rental Agreement / สัญญาเช่าทั่วไป,Lease and Service Agreement – Gowin | สัญญาเช่าและบริการ – Gowin,Lease and Service Agreement – Gowin | สัญญาเช่าและบริการ – Gowin — CM Gold and FSQ — SLA 22,15,Rental Agreement / สัญญาเช่าทั่วไป,Rental Agreement / สัญญาเช่าทั่วไป,,Normal,Day-to-day Work / งานดำเนินงานทั่วไป,Operation,CM Gold and FSQ,Lease & Rental Agreement / สัญญาเช่าและให้เช่า,22,2026-08-05-sla-config-updated1-v1,แยกจากรายการชื่อเดียวกัน (2/2),Yes
Day-to-day Work / งานดำเนินงานทั่วไป,Lease & Rental Agreement / สัญญาเช่าและให้เช่า,Rental Agreement / สัญญาเช่าทั่วไป,Booth Rental and Service Agreement | สัญญาเช่าพื้นที่บูธและบริการ,Booth Rental and Service Agreement | สัญญาเช่าพื้นที่บูธและบริการ,16,Rental Agreement / สัญญาเช่าทั่วไป,Rental Agreement / สัญญาเช่าทั่วไป,,Normal,Day-to-day Work / งานดำเนินงานทั่วไป,Operation,Taste Hunters and MMP,Lease & Rental Agreement / สัญญาเช่าและให้เช่า,22,2026-08-05-sla-config-updated1-v1,—,Yes
Day-to-day Work / งานดำเนินงานทั่วไป,Lease & Rental Agreement / สัญญาเช่าและให้เช่า,Rental Agreement / สัญญาเช่าทั่วไป,Area Rental Agreement – Coffee Truck 1 | สัญญาเช่าพื้นที่ – Coffee Truck 1,Area Rental Agreement – Coffee Truck 1 | สัญญาเช่าพื้นที่ – Coffee Truck 1,17,Rental Agreement / สัญญาเช่าทั่วไป,Rental Agreement / สัญญาเช่าทั่วไป,,Normal,Day-to-day Work / งานดำเนินงานทั่วไป,Business Development,UTAV,Lease & Rental Agreement / สัญญาเช่าและให้เช่า,22,2026-08-05-sla-config-updated1-v1,—,Yes
Day-to-day Work / งานดำเนินงานทั่วไป,Lease & Rental Agreement / สัญญาเช่าและให้เช่า,Rental Agreement / สัญญาเช่าทั่วไป,Area Rental Agreement – Coffee Truck 2 | สัญญาเช่าพื้นที่ – Coffee Truck 2,Area Rental Agreement – Coffee Truck 2 | สัญญาเช่าพื้นที่ – Coffee Truck 2,18,Rental Agreement / สัญญาเช่าทั่วไป,Rental Agreement / สัญญาเช่าทั่วไป,,Normal,Day-to-day Work / งานดำเนินงานทั่วไป,Business Development,UTAV,Lease & Rental Agreement / สัญญาเช่าและให้เช่า,22,2026-08-05-sla-config-updated1-v1,—,Yes
Day-to-day Work / งานดำเนินงานทั่วไป,Lease & Rental Agreement / สัญญาเช่าและให้เช่า,Lease Agreement / สัญญาเช่า,Head Office Lease Agreement | สัญญาเช่าสำนักงานใหญ่,Head Office Lease Agreement | สัญญาเช่าสำนักงานใหญ่,19,Lease Agreement / สัญญาเช่า,Lease Agreement / สัญญาเช่า,,Normal,Day-to-day Work / งานดำเนินงานทั่วไป,Legal,ยังไม่ระบุ,Lease & Rental Agreement / สัญญาเช่าและให้เช่า,20,2026-08-05-sla-config-updated1-v1,—,Yes
Day-to-day Work / งานดำเนินงานทั่วไป,Lease & Rental Agreement / สัญญาเช่าและให้เช่า,Sub Lease Agreement / สัญญาเช่าช่วง,Retail Space Sublease Agreement | สัญญาเช่าช่วงพื้นที่ค้าปลีก,Retail Space Sublease Agreement | สัญญาเช่าช่วงพื้นที่ค้าปลีก,20,Sub Lease Agreement / สัญญาเช่าช่วง,Sub Lease Agreement / สัญญาเช่าช่วง,,Normal,Day-to-day Work / งานดำเนินงานทั่วไป,Legal,ยังไม่ระบุ,Lease & Rental Agreement / สัญญาเช่าและให้เช่า,20,2026-08-05-sla-config-updated1-v1,—,Yes
Day-to-day Work / งานดำเนินงานทั่วไป,Lease & Rental Agreement / สัญญาเช่าและให้เช่า,Lease Agreement / สัญญาเช่า,Lease Agreement – Chan Kao | สัญญาเช่า – Chan Kao,Lease Agreement – Chan Kao | สัญญาเช่า – Chan Kao,21,Lease Agreement / สัญญาเช่า,Lease Agreement / สัญญาเช่า,,Normal,Day-to-day Work / งานดำเนินงานทั่วไป,Business Development,T5-WBKK,Lease & Rental Agreement / สัญญาเช่าและให้เช่า,20,2026-08-05-sla-config-updated1-v1,สัญญาเช่าทั่วไป,Yes
Day-to-day Work / งานดำเนินงานทั่วไป,Service Agreement / สัญญาให้บริการ,,Lift Maintenance Service Agreement – Baan Turtle | สัญญาบริการบำรุงรักษาลิฟต์ – Baan Turtle,Lift Maintenance Service Agreement – Baan Turtle | สัญญาบริการบำรุงรักษาลิฟต์ – Baan Turtle,22,Service Agreement / สัญญาให้บริการ,Service Agreement / สัญญาให้บริการ,,Normal,Day-to-day Work / งานดำเนินงานทั่วไป,Operation,CIBES LIFT and FSQ,Service Agreement / สัญญาให้บริการ,22,2026-08-05-sla-config-updated1-v1,—,Yes
Day-to-day Work / งานดำเนินงานทั่วไป,Service Agreement / สัญญาให้บริการ,,Security Guard Service Agreement – BK Salon | สัญญาบริการรักษาความปลอดภัย – BK Salon,Security Guard Service Agreement – BK Salon | สัญญาบริการรักษาความปลอดภัย – BK Salon,23,Service Agreement / สัญญาให้บริการ,Service Agreement / สัญญาให้บริการ,,Normal,Day-to-day Work / งานดำเนินงานทั่วไป,Operation,LSS and FSQ,Service Agreement / สัญญาให้บริการ,22,2026-08-05-sla-config-updated1-v1,—,Yes
Day-to-day Work / งานดำเนินงานทั่วไป,Service Agreement / สัญญาให้บริการ,,Security Guard Service Agreement – Baan Turtle Phuket | สัญญาบริการรักษาความปลอดภัย – Baan Turtle Phuket,Security Guard Service Agreement – Baan Turtle Phuket | สัญญาบริการรักษาความปลอดภัย – Baan Turtle Phuket,24,Service Agreement / สัญญาให้บริการ,Service Agreement / สัญญาให้บริการ,,Normal,Day-to-day Work / งานดำเนินงานทั่วไป,Operation,PCS and Turtle 23,Service Agreement / สัญญาให้บริการ,22,2026-08-05-sla-config-updated1-v1,—,Yes
Day-to-day Work / งานดำเนินงานทั่วไป,Service Agreement / สัญญาให้บริการ,,Pest Control Service Agreement | สัญญาบริการกำจัดแมลงและสัตว์รบกวน,Pest Control Service Agreement | สัญญาบริการกำจัดแมลงและสัตว์รบกวน,25,Service Agreement / สัญญาให้บริการ,Service Agreement / สัญญาให้บริการ,,Normal,Day-to-day Work / งานดำเนินงานทั่วไป,Operation,Rentokil and Kon Talay Thai,Service Agreement / สัญญาให้บริการ,22,2026-08-05-sla-config-updated1-v1,—,Yes
Day-to-day Work / งานดำเนินงานทั่วไป,Service Agreement / สัญญาให้บริการ,,Messenger Service Agreement | สัญญาให้บริการพนักงานรับ–ส่งเอกสารและสิ่งของ,Messenger Service Agreement | สัญญาให้บริการพนักงานรับ–ส่งเอกสารและสิ่งของ,26,Service Agreement / สัญญาให้บริการ,Service Agreement / สัญญาให้บริการ,,Normal,Day-to-day Work / งานดำเนินงานทั่วไป,Administration,T23-SKOOTAR,Service Agreement / สัญญาให้บริการ,22,2026-08-05-sla-config-updated1-v1,บริการรับ–ส่งเอกสารและสิ่งของ,Yes
Day-to-day Work / งานดำเนินงานทั่วไป,Lease & Rental Agreement / สัญญาเช่าและให้เช่า,Rental Agreement / สัญญาเช่าทั่วไป,Executive Car Rental Agreement – Managing Director | สัญญาเช่ารถยนต์สำหรับกรรมการผู้จัดการ,Executive Car Rental Agreement – Managing Director | สัญญาเช่ารถยนต์สำหรับกรรมการผู้จัดการ,27,Rental Agreement / สัญญาเช่าทั่วไป,Rental Agreement / สัญญาเช่าทั่วไป,,Normal,Day-to-day Work / งานดำเนินงานทั่วไป,Administration,T23-KSERV,Lease & Rental Agreement / สัญญาเช่าและให้เช่า,22,2026-08-05-sla-config-updated1-v1,—,Yes
Day-to-day Work / งานดำเนินงานทั่วไป,Service Agreement / สัญญาให้บริการ,,Executive Driver Service Agreement – Managing Director | สัญญาให้บริการพนักงานขับรถยนต์สำหรับกรรมการผู้จัดการ,Executive Driver Service Agreement – Managing Director | สัญญาให้บริการพนักงานขับรถยนต์สำหรับกรรมการผู้จัดการ,28,Service Agreement / สัญญาให้บริการ,Service Agreement / สัญญาให้บริการ,,Normal,Day-to-day Work / งานดำเนินงานทั่วไป,Administration,T23-KSERV,Service Agreement / สัญญาให้บริการ,22,2026-08-05-sla-config-updated1-v1,—,Yes
Day-to-day Work / งานดำเนินงานทั่วไป,Service Agreement / สัญญาให้บริการ,,Cleaning Service Agreement | สัญญาจ้างเหมาบริการทำความสะอาด,Cleaning Service Agreement | สัญญาจ้างเหมาบริการทำความสะอาด,29,Service Agreement / สัญญาให้บริการ,Service Agreement / สัญญาให้บริการ,,Normal,Day-to-day Work / งานดำเนินงานทั่วไป,Administration,T23-SCS / SMART CLEANING SOLUTION,Service Agreement / สัญญาให้บริการ,22,2026-08-05-sla-config-updated1-v1,—,Yes
Day-to-day Work / งานดำเนินงานทั่วไป,Lease & Rental Agreement / สัญญาเช่าและให้เช่า,Lease Agreement / สัญญาเช่า,Office Equipment Lease Agreement | สัญญาเช่าอุปกรณ์สำนักงาน,Office Equipment Lease Agreement | สัญญาเช่าอุปกรณ์สำนักงาน,30,Lease Agreement / สัญญาเช่า,Lease Agreement / สัญญาเช่า,,Normal,Day-to-day Work / งานดำเนินงานทั่วไป,Legal,ยังไม่ระบุ,Lease & Rental Agreement / สัญญาเช่าและให้เช่า,20,2026-08-05-sla-config-updated1-v1,—,Yes
Day-to-day Work / งานดำเนินงานทั่วไป,Lease & Rental Agreement / สัญญาเช่าและให้เช่า,Rental Agreement / สัญญาเช่าทั่วไป,Laptop Rental Agreement | สัญญาเช่าคอมพิวเตอร์โน้ตบุ๊ก,Laptop Rental Agreement | สัญญาเช่าคอมพิวเตอร์โน้ตบุ๊ก,31,Rental Agreement / สัญญาเช่าทั่วไป,Rental Agreement / สัญญาเช่าทั่วไป,,Normal,Day-to-day Work / งานดำเนินงานทั่วไป,Legal,ยังไม่ระบุ,Lease & Rental Agreement / สัญญาเช่าและให้เช่า,22,2026-08-05-sla-config-updated1-v1,—,Yes
Day-to-day Work / งานดำเนินงานทั่วไป,Lease & Rental Agreement / สัญญาเช่าและให้เช่า,Rental Agreement / สัญญาเช่าทั่วไป,Car Rental Agreement – Coffee Truck | สัญญาเช่ารถยนต์ – Coffee Truck,Car Rental Agreement – Coffee Truck | สัญญาเช่ารถยนต์ – Coffee Truck,32,Rental Agreement / สัญญาเช่าทั่วไป,Rental Agreement / สัญญาเช่าทั่วไป,,Normal,Day-to-day Work / งานดำเนินงานทั่วไป,Business Development,Mr. Therdsit (Food Truck Owner),Lease & Rental Agreement / สัญญาเช่าและให้เช่า,22,2026-08-05-sla-config-updated1-v1,—,Yes
Day-to-day Work / งานดำเนินงานทั่วไป,Outsourcing Agreement / สัญญาจ้าง,,Outsourced Service Provider Agreement | สัญญาจ้างผู้ให้บริการภายนอก,Outsourced Service Provider Agreement | สัญญาจ้างผู้ให้บริการภายนอก,33,Outsourcing Agreement / สัญญาจ้าง,Outsourcing Agreement / สัญญาจ้าง,,Normal,Day-to-day Work / งานดำเนินงานทั่วไป,Legal,ยังไม่ระบุ,Outsourcing Agreement / สัญญาจ้าง,24,2026-08-05-sla-config-updated1-v1,—,Yes
Day-to-day Work / งานดำเนินงานทั่วไป,Outsourcing Agreement / สัญญาจ้าง,,Partner Service Order Agreement – Dianping Thailand | สัญญาสั่งซื้อบริการพันธมิตร – Dianping Thailand,Partner Service Order Agreement – Dianping Thailand | สัญญาสั่งซื้อบริการพันธมิตร – Dianping Thailand,34,Outsourcing Agreement / สัญญาจ้าง,Outsourcing Agreement / สัญญาจ้าง,,Normal,Day-to-day Work / งานดำเนินงานทั่วไป,Marketing,T5-Dianping Thailand,Outsourcing Agreement / สัญญาจ้าง,24,2026-08-05-sla-config-updated1-v1,เดิม: Service Contract Order,Yes
Day-to-day Work / งานดำเนินงานทั่วไป,Others / อื่น ๆ,,Insurance Claim Supporting Documents | เอกสารประกอบการเรียกร้องค่าสินไหมประกันภัย,Insurance Claim Supporting Documents | เอกสารประกอบการเรียกร้องค่าสินไหมประกันภัย — Maison Dunand – Rabbit Broker and Alpea — SLA 20,35,Others / อื่น ๆ,Others / อื่น ๆ,,Normal,Day-to-day Work / งานดำเนินงานทั่วไป,Operation,Maison Dunand – Rabbit Broker and Alpea,Others / อื่น ๆ,20,2026-08-05-sla-config-updated1-v1,แยกจากรายการชื่อเดียวกัน (1/3),Yes
Day-to-day Work / งานดำเนินงานทั่วไป,Others / อื่น ๆ,,Insurance Claim Supporting Documents | เอกสารประกอบการเรียกร้องค่าสินไหมประกันภัย,Insurance Claim Supporting Documents | เอกสารประกอบการเรียกร้องค่าสินไหมประกันภัย — Capricci – Rabbit Broker and MMP — SLA 20,36,Others / อื่น ๆ,Others / อื่น ๆ,,Normal,Day-to-day Work / งานดำเนินงานทั่วไป,Operation,Capricci – Rabbit Broker and MMP,Others / อื่น ๆ,20,2026-08-05-sla-config-updated1-v1,แยกจากรายการชื่อเดียวกัน (2/3),Yes
Day-to-day Work / งานดำเนินงานทั่วไป,Others / อื่น ๆ,,Insurance Claim Supporting Documents | เอกสารประกอบการเรียกร้องค่าสินไหมประกันภัย,Insurance Claim Supporting Documents | เอกสารประกอบการเรียกร้องค่าสินไหมประกันภัย — BK Salon – Rabbit Broker and FSQ — SLA 20,37,Others / อื่น ๆ,Others / อื่น ๆ,,Normal,Day-to-day Work / งานดำเนินงานทั่วไป,Operation,BK Salon – Rabbit Broker and FSQ,Others / อื่น ๆ,20,2026-08-05-sla-config-updated1-v1,แยกจากรายการชื่อเดียวกัน (3/3),Yes
Day-to-day Work / งานดำเนินงานทั่วไป,Commercial Agreement / สัญญาทางธุรกิจ,Consultancy Agreement / สัญญาให้คำปรึกษา,Restaurant Management and Consultancy Agreement – Sushi Saryu | สัญญาบริหารและให้คำปรึกษาร้านอาหาร – Sushi Saryu,Restaurant Management and Consultancy Agreement – Sushi Saryu | สัญญาบริหารและให้คำปรึกษาร้านอาหาร – Sushi Saryu,38,Consultancy Agreement / สัญญาให้คำปรึกษา,Consultancy Agreement / สัญญาให้คำปรึกษา,,Normal,Day-to-day Work / งานดำเนินงานทั่วไป,Marketing,"T23-Kinn1, T23-Mochit Land",Commercial Agreement / สัญญาทางธุรกิจ,24,2026-08-05-sla-config-updated1-v1,—,Yes
Day-to-day Work / งานดำเนินงานทั่วไป,Commercial Agreement / สัญญาทางธุรกิจ,Consultancy Agreement / สัญญาให้คำปรึกษา,Management Services Agreement | สัญญาจ้างบริหาร,Management Services Agreement | สัญญาจ้างบริหาร,39,Consultancy Agreement / สัญญาให้คำปรึกษา,Consultancy Agreement / สัญญาให้คำปรึกษา,,Normal,Day-to-day Work / งานดำเนินงานทั่วไป,Marketing,"T23-Kamkoong, T23-Mochit Land",Commercial Agreement / สัญญาทางธุรกิจ,24,2026-08-05-sla-config-updated1-v1,เดิม: สัญญาจ้างบริหาร,Yes
Day-to-day Work / งานดำเนินงานทั่วไป,Service Agreement / สัญญาให้บริการ,,Management Fee Agreement | สัญญาค่าธรรมเนียมการบริหาร,Management Fee Agreement | สัญญาค่าธรรมเนียมการบริหาร — T23-KTT — SLA 22,40,Service Agreement / สัญญาให้บริการ,Service Agreement / สัญญาให้บริการ,,Normal,Day-to-day Work / งานดำเนินงานทั่วไป,Finance,T23-KTT,Service Agreement / สัญญาให้บริการ,22,2026-08-05-sla-config-updated1-v1,แยกจากรายการชื่อเดียวกัน (1/8),Yes
Day-to-day Work / งานดำเนินงานทั่วไป,Service Agreement / สัญญาให้บริการ,,Management Fee Agreement | สัญญาค่าธรรมเนียมการบริหาร,Management Fee Agreement | สัญญาค่าธรรมเนียมการบริหาร — T23-FSQ — SLA 22,41,Service Agreement / สัญญาให้บริการ,Service Agreement / สัญญาให้บริการ,,Normal,Day-to-day Work / งานดำเนินงานทั่วไป,Finance,T23-FSQ,Service Agreement / สัญญาให้บริการ,22,2026-08-05-sla-config-updated1-v1,แยกจากรายการชื่อเดียวกัน (2/8),Yes
Day-to-day Work / งานดำเนินงานทั่วไป,Service Agreement / สัญญาให้บริการ,,Management Fee Agreement | สัญญาค่าธรรมเนียมการบริหาร,Management Fee Agreement | สัญญาค่าธรรมเนียมการบริหาร — T23-W-BKK — SLA 22,42,Service Agreement / สัญญาให้บริการ,Service Agreement / สัญญาให้บริการ,,Normal,Day-to-day Work / งานดำเนินงานทั่วไป,Finance,T23-W-BKK,Service Agreement / สัญญาให้บริการ,22,2026-08-05-sla-config-updated1-v1,แยกจากรายการชื่อเดียวกัน (3/8),Yes
Day-to-day Work / งานดำเนินงานทั่วไป,Service Agreement / สัญญาให้บริการ,,Management Fee Agreement | สัญญาค่าธรรมเนียมการบริหาร,Management Fee Agreement | สัญญาค่าธรรมเนียมการบริหาร — T23-MMPZ — SLA 22,43,Service Agreement / สัญญาให้บริการ,Service Agreement / สัญญาให้บริการ,,Normal,Day-to-day Work / งานดำเนินงานทั่วไป,Finance,T23-MMPZ,Service Agreement / สัญญาให้บริการ,22,2026-08-05-sla-config-updated1-v1,แยกจากรายการชื่อเดียวกัน (4/8),Yes
Day-to-day Work / งานดำเนินงานทั่วไป,Service Agreement / สัญญาให้บริการ,,Management Fee Agreement | สัญญาค่าธรรมเนียมการบริหาร,Management Fee Agreement | สัญญาค่าธรรมเนียมการบริหาร — T23-RCS — SLA 22,44,Service Agreement / สัญญาให้บริการ,Service Agreement / สัญญาให้บริการ,,Normal,Day-to-day Work / งานดำเนินงานทั่วไป,Finance,T23-RCS,Service Agreement / สัญญาให้บริการ,22,2026-08-05-sla-config-updated1-v1,แยกจากรายการชื่อเดียวกัน (5/8),Yes
Day-to-day Work / งานดำเนินงานทั่วไป,Service Agreement / สัญญาให้บริการ,,Management Fee Agreement | สัญญาค่าธรรมเนียมการบริหาร,Management Fee Agreement | สัญญาค่าธรรมเนียมการบริหาร — T23-ALPEA — SLA 22,45,Service Agreement / สัญญาให้บริการ,Service Agreement / สัญญาให้บริการ,,Normal,Day-to-day Work / งานดำเนินงานทั่วไป,Finance,T23-ALPEA,Service Agreement / สัญญาให้บริการ,22,2026-08-05-sla-config-updated1-v1,แยกจากรายการชื่อเดียวกัน (6/8),Yes
Day-to-day Work / งานดำเนินงานทั่วไป,Service Agreement / สัญญาให้บริการ,,Management Fee Agreement | สัญญาค่าธรรมเนียมการบริหาร,Management Fee Agreement | สัญญาค่าธรรมเนียมการบริหาร — T23-TTH — SLA 22,46,Service Agreement / สัญญาให้บริการ,Service Agreement / สัญญาให้บริการ,,Normal,Day-to-day Work / งานดำเนินงานทั่วไป,Finance,T23-TTH,Service Agreement / สัญญาให้บริการ,22,2026-08-05-sla-config-updated1-v1,แยกจากรายการชื่อเดียวกัน (7/8),Yes
Day-to-day Work / งานดำเนินงานทั่วไป,Service Agreement / สัญญาให้บริการ,,Management Fee Agreement | สัญญาค่าธรรมเนียมการบริหาร,Management Fee Agreement | สัญญาค่าธรรมเนียมการบริหาร — T23-T5 — SLA 22,47,Service Agreement / สัญญาให้บริการ,Service Agreement / สัญญาให้บริการ,,Normal,Day-to-day Work / งานดำเนินงานทั่วไป,Finance,T23-T5,Service Agreement / สัญญาให้บริการ,22,2026-08-05-sla-config-updated1-v1,แยกจากรายการชื่อเดียวกัน (8/8),Yes
Day-to-day Work / งานดำเนินงานทั่วไป,Outsourcing Agreement / สัญญาจ้าง,,Wongnai–LINE MAN GP Model Participation Agreement | สัญญาเข้าร่วมโครงการ Wongnai–LINE MAN GP Model,Wongnai–LINE MAN GP Model Participation Agreement | สัญญาเข้าร่วมโครงการ Wongnai–LINE MAN GP Model,48,Outsourcing Agreement / สัญญาจ้าง,Outsourcing Agreement / สัญญาจ้าง,,Normal,Day-to-day Work / งานดำเนินงานทั่วไป,Marketing,"T23-Grab, T23-LINE MAN",Outsourcing Agreement / สัญญาจ้าง,24,2026-08-05-sla-config-updated1-v1,—,Yes
Day-to-day Work / งานดำเนินงานทั่วไป,Others / อื่น ๆ,,Credit Card Promotion Agreement with Bank | สัญญาร่วมรายการส่งเสริมการขายบัตรเครดิตกับธนาคาร,Credit Card Promotion Agreement with Bank | สัญญาร่วมรายการส่งเสริมการขายบัตรเครดิตกับธนาคาร,49,Others / อื่น ๆ,Others / อื่น ๆ,,Normal,Day-to-day Work / งานดำเนินงานทั่วไป,Marketing,ยังไม่ระบุ,Others / อื่น ๆ,20,2026-08-05-sla-config-updated1-v1,—,Yes
Day-to-day Work / งานดำเนินงานทั่วไป,Commercial Agreement / สัญญาทางธุรกิจ,Consultancy Agreement / สัญญาให้คำปรึกษา,Consultancy Agreement – Bluekoff | สัญญาให้คำปรึกษา – Bluekoff,Consultancy Agreement – Bluekoff | สัญญาให้คำปรึกษา – Bluekoff,50,Consultancy Agreement / สัญญาให้คำปรึกษา,Consultancy Agreement / สัญญาให้คำปรึกษา,,Normal,Day-to-day Work / งานดำเนินงานทั่วไป,Business Development,Bluekoff (K’ Jame),Commercial Agreement / สัญญาทางธุรกิจ,24,2026-08-05-sla-config-updated1-v1,—,Yes
Day-to-day Work / งานดำเนินงานทั่วไป,Service Agreement / สัญญาให้บริการ,,General Legal Services Agreement | สัญญาให้บริการด้านกฎหมายทั่วไป,General Legal Services Agreement | สัญญาให้บริการด้านกฎหมายทั่วไป,51,Service Agreement / สัญญาให้บริการ,Service Agreement / สัญญาให้บริการ,,Normal,Day-to-day Work / งานดำเนินงานทั่วไป,Legal,ยังไม่ระบุ,Service Agreement / สัญญาให้บริการ,22,2026-08-05-sla-config-updated1-v1,—,Yes
Day-to-day Work / งานดำเนินงานทั่วไป,Commercial Agreement / สัญญาทางธุรกิจ,Confidentiality Agreement / สัญญารักษาความลับ,Non-Disclosure Agreement – Devanom | สัญญาไม่เปิดเผยข้อมูล – Devanom,Non-Disclosure Agreement – Devanom | สัญญาไม่เปิดเผยข้อมูล – Devanom,52,Confidentiality Agreement / สัญญารักษาความลับ,Confidentiality Agreement / สัญญารักษาความลับ,,Normal,Day-to-day Work / งานดำเนินงานทั่วไป,Business Development,"Mr. Nattachai (CEO, Devanom)",Commercial Agreement / สัญญาทางธุรกิจ,20,2026-08-05-sla-config-updated1-v1,—,Yes
Confidential / สัญญาลับ,Preliminary Agreement / ข้อตกลงเบื้องต้น,Memorandum of Understanding / บันทึกความเข้าใจ,Memorandum of Understanding (MOU) | บันทึกความเข้าใจ,Memorandum of Understanding (MOU) | บันทึกความเข้าใจ,53,Memorandum of Understanding / บันทึกความเข้าใจ,Memorandum of Understanding / บันทึกความเข้าใจ,,Confidential,Confidential / สัญญาลับ,Legal,ยังไม่ระบุ,Preliminary Agreement / ข้อตกลงเบื้องต้น,24,2026-08-05-sla-config-updated1-v1,เดิม: Confident-001,Yes
Confidential / สัญญาลับ,Commercial Agreement / สัญญาทางธุรกิจ,Consultancy Agreement / สัญญาให้คำปรึกษา,Consultancy Agreement | สัญญาให้คำปรึกษา,Consultancy Agreement | สัญญาให้คำปรึกษา,54,Consultancy Agreement / สัญญาให้คำปรึกษา,Consultancy Agreement / สัญญาให้คำปรึกษา,,Confidential,Confidential / สัญญาลับ,Legal,ยังไม่ระบุ,Commercial Agreement / สัญญาทางธุรกิจ,24,2026-08-05-sla-config-updated1-v1,เดิม: Confident-002,Yes
Confidential / สัญญาลับ,Commercial Agreement / สัญญาทางธุรกิจ,Confidentiality Agreement / สัญญารักษาความลับ,Confidentiality Agreement | สัญญารักษาความลับ,Confidentiality Agreement | สัญญารักษาความลับ,55,Confidentiality Agreement / สัญญารักษาความลับ,Confidentiality Agreement / สัญญารักษาความลับ,,Confidential,Confidential / สัญญาลับ,Legal,ยังไม่ระบุ,Commercial Agreement / สัญญาทางธุรกิจ,20,2026-08-05-sla-config-updated1-v1,เดิม: Confident-003,Yes
Confidential / สัญญาลับ,Commercial Agreement / สัญญาทางธุรกิจ,Management Agreement / สัญญาบริหารจัดการ,Management Agreement | สัญญาบริหารจัดการ,Management Agreement | สัญญาบริหารจัดการ,56,Management Agreement / สัญญาบริหารจัดการ,Management Agreement / สัญญาบริหารจัดการ,,Confidential,Confidential / สัญญาลับ,Legal,ยังไม่ระบุ,Commercial Agreement / สัญญาทางธุรกิจ,24,2026-08-05-sla-config-updated1-v1,เดิม: Confident-004,Yes
Confidential / สัญญาลับ,Commercial Agreement / สัญญาทางธุรกิจ,Loan Agreement / สัญญาเงินกู้,Loan Agreement | สัญญาเงินกู้,Loan Agreement | สัญญาเงินกู้,57,Loan Agreement / สัญญาเงินกู้,Loan Agreement / สัญญาเงินกู้,,Confidential,Confidential / สัญญาลับ,Legal,ยังไม่ระบุ,Commercial Agreement / สัญญาทางธุรกิจ,28,2026-08-05-sla-config-updated1-v1,เดิม: Confident-005,Yes
Confidential / สัญญาลับ,Commercial Agreement / สัญญาทางธุรกิจ,Mergers and Acquisitions Agreement / สัญญาการควบรวมและซื้อกิจการ,Merger and Acquisition Agreement (M&A Agreement) | สัญญาการควบรวมและซื้อกิจการ,Merger and Acquisition Agreement (M&A Agreement) | สัญญาการควบรวมและซื้อกิจการ,58,Mergers and Acquisitions Agreement / สัญญาการควบรวมและซื้อกิจการ,Mergers and Acquisitions Agreement / สัญญาการควบรวมและซื้อกิจการ,,Confidential,Confidential / สัญญาลับ,Legal,ยังไม่ระบุ,Commercial Agreement / สัญญาทางธุรกิจ,28,2026-08-05-sla-config-updated1-v1,เดิม: Confident-006,Yes
Confidential / สัญญาลับ,Commercial Agreement / สัญญาทางธุรกิจ,Shareholders’ Agreement / สัญญาระหว่างผู้ถือหุ้น,Shareholders’ Agreement | สัญญาระหว่างผู้ถือหุ้น,Shareholders’ Agreement | สัญญาระหว่างผู้ถือหุ้น,59,Shareholders’ Agreement / สัญญาระหว่างผู้ถือหุ้น,Shareholders’ Agreement / สัญญาระหว่างผู้ถือหุ้น,,Confidential,Confidential / สัญญาลับ,Legal,ยังไม่ระบุ,Commercial Agreement / สัญญาทางธุรกิจ,28,2026-08-05-sla-config-updated1-v1,เดิม: Confident-007,Yes
Confidential / สัญญาลับ,Preliminary Agreement / ข้อตกลงเบื้องต้น,Term Sheet / เอกสารสรุปเงื่อนไขเบื้องต้น,Term Sheet | เอกสารสรุปเงื่อนไขเบื้องต้น,Term Sheet | เอกสารสรุปเงื่อนไขเบื้องต้น,60,Term Sheet / เอกสารสรุปเงื่อนไขเบื้องต้น,Term Sheet / เอกสารสรุปเงื่อนไขเบื้องต้น,,Confidential,Confidential / สัญญาลับ,Legal,ยังไม่ระบุ,Preliminary Agreement / ข้อตกลงเบื้องต้น,24,2026-08-05-sla-config-updated1-v1,เดิม: Confident-008,Yes
Day-to-day Work / งานดำเนินงานทั่วไป,Amendment Agreement / สัญญาแก้ไขเพิ่มเติม,,Amendment to Existing Agreement | สัญญาแก้ไขเพิ่มเติมสัญญาเดิม,Amendment to Existing Agreement | สัญญาแก้ไขเพิ่มเติมสัญญาเดิม,61,Amendment Agreement / สัญญาแก้ไขเพิ่มเติม,Amendment Agreement / สัญญาแก้ไขเพิ่มเติม,,Normal,Day-to-day Work / งานดำเนินงานทั่วไป,Legal,ยังไม่ระบุ,Amendment Agreement / สัญญาแก้ไขเพิ่มเติม,20,2026-08-05-sla-config-updated1-v1,—,Yes
Day-to-day Work / งานดำเนินงานทั่วไป,Sale and Purchase Agreement / สัญญาซื้อขาย,,Equipment Sale and Purchase Agreement | สัญญาซื้อขายอุปกรณ์,Equipment Sale and Purchase Agreement | สัญญาซื้อขายอุปกรณ์,62,Sale and Purchase Agreement / สัญญาซื้อขาย,Sale and Purchase Agreement / สัญญาซื้อขาย,,Normal,Day-to-day Work / งานดำเนินงานทั่วไป,Legal,ยังไม่ระบุ,Sale and Purchase Agreement / สัญญาซื้อขาย,24,2026-08-05-sla-config-updated1-v1,—,Yes
